{
  "userId": "66f8a2c934469998dad75674",
  "generatedAt": "2025-02-15T22:01:55.038Z",
  "playlists": [
    {
      "projectTitle": "series_one",
      "projectId": "1cb1bb0c-7beb-4adf-9c00-8875b0a5809e",
      "files": [
        {
          "fileName": "chop_test_11.mp4",
          "path": "series_one/03_chop_test_11.mp4",
          "seqPos": 3,
          "key": "users/66f8a2c934469998dad75674/projects/1cb1bb0c-7beb-4adf-9c00-8875b0a5809e/playlists/577eb017-a305-4626-b962-8fdd1879f78b-1737249740472-8fb35e65-374d-405e-ae41-78621b5e8494-chop_test_11.mp4",
          "duration": 0.367042,
          "frameRate": "30000/1001",
          "resolution": "1920x1080",
          "fileId": "b16081d8-1516-44b6-b26b-73c5592fce9a",
          "projectId": "1cb1bb0c-7beb-4adf-9c00-8875b0a5809e",
          "createdAt": "2025-01-19T01:54:22.334Z"
        },
        {
          "fileName": "chop_test_10.mp4",
          "path": "series_one/01_chop_test_10.mp4",
          "seqPos": 1,
          "key": "users/66f8a2c934469998dad75674/projects/1cb1bb0c-7beb-4adf-9c00-8875b0a5809e/playlists/1a110f51-0d1d-463f-a6da-9c188fc449f5-1737249740473-e40902c3-5deb-41bd-9d37-386046915317-chop_test_10.mp4",
          "duration": 0.367042,
          "frameRate": "30000/1001",
          "resolution": "1920x1080",
          "fileId": "d09f3944-099b-48b0-a782-f7d153febdcc",
          "projectId": "1cb1bb0c-7beb-4adf-9c00-8875b0a5809e",
          "createdAt": "2025-01-19T01:22:46.911Z"
        },
        {
          "fileName": "chop_test_9.mp4",
          "path": "series_one/02_chop_test_9.mp4",
          "seqPos": 2,
          "key": "users/66f8a2c934469998dad75674/projects/1cb1bb0c-7beb-4adf-9c00-8875b0a5809e/playlists/3073e061-50a0-4bc9-bd1a-25ba873f819c-1737249740473-131db23b-5123-4f31-a9ce-ef0d27c6e61c-chop_test_9.mp4",
          "duration": 0.367042,
          "frameRate": "30000/1001",
          "resolution": "1920x1080",
          "fileId": "19adbc51-332f-4538-bd71-a9285cbc4762",
          "projectId": "1cb1bb0c-7beb-4adf-9c00-8875b0a5809e",
          "createdAt": "2025-01-19T01:34:07.136Z"
        }
      ]
    }
  ]
}